timestamp,left_iris_x,left_iris_y,right_iris_x,right_iris_y,gaze_x,gaze_y
1752940116807,0.50357,0.49651,0.64594,0.49933,307,146
1752940116828,0.50353,0.49647,0.64591,0.49938,307,146
1752940116851,0.50502,0.49656,0.64834,0.50048,307,146
1752940116871,0.50518,0.49699,0.64811,0.50002,307,146
1752940116893,0.50528,0.49704,0.64795,0.49999,307,146
1752940116914,0.50532,0.49705,0.64805,0.50000,307,146
1752940116936,0.50524,0.49706,0.64803,0.50001,307,146
1752940116957,0.50636,0.49626,0.64939,0.49947,307,146
1752940116975,0.50660,0.49627,0.64935,0.49969,307,146
1752940116994,0.50656,0.49642,0.64932,0.49970,307,146
1752940117018,0.50646,0.49646,0.64927,0.49973,307,146
1752940117038,0.50694,0.49601,0.64979,0.50003,307,146
1752940117057,0.50715,0.49608,0.64968,0.49997,307,146
1752940117078,0.50683,0.49588,0.64967,0.49985,307,146
1752940117098,0.50696,0.49599,0.64971,0.49996,307,146
1752940117120,0.50686,0.49585,0.64962,0.49982,307,146
1752940117141,0.50699,0.49606,0.64962,0.49995,307,146
1752940117162,0.50847,0.49496,0.65101,0.49984,307,146
1752940117183,0.50854,0.49551,0.65097,0.49932,307,146
1752940117204,0.50871,0.49524,0.65106,0.49945,307,146
1752940117224,0.50862,0.49532,0.65106,0.49962,307,146
1752940117245,0.50886,0.49308,0.65151,0.49829,307,146
1752940117265,0.50906,0.49413,0.65121,0.49901,307,146
1752940117287,0.50908,0.49396,0.65134,0.49868,307,146
1752940117308,0.50904,0.49410,0.65136,0.49875,307,146
1752940117333,0.50891,0.49414,0.65137,0.49855,307,146
1752940117354,0.50788,0.49400,0.65018,0.49840,307,146
1752940117374,0.50828,0.49410,0.65026,0.49873,307,146
1752940117395,0.50823,0.49408,0.65025,0.49879,307,146
1752940117419,0.50823,0.49406,0.65031,0.49853,307,146
1752940117441,0.50575,0.49152,0.64770,0.49697,307,146
1752940117463,0.50601,0.49184,0.64758,0.49688,307,146
1752940117486,0.50598,0.49224,0.64769,0.49701,307,146
1752940117508,0.50592,0.49247,0.64775,0.49693,307,146
1752940117532,0.50599,0.49274,0.64776,0.49695,307,146
1752940117554,0.50371,0.49195,0.64530,0.49690,307,146
1752940117577,0.50389,0.49254,0.64546,0.49720,307,146
1752940117600,0.50415,0.49269,0.64532,0.49648,307,146
1752940117624,0.50394,0.49277,0.64535,0.49666,307,146
1752940117648,0.50022,0.48987,0.64224,0.49532,307,146
1752940117672,0.50111,0.49048,0.64232,0.49601,307,146
1752940117693,0.50113,0.49067,0.64241,0.49588,307,146
1752940117716,0.50117,0.49072,0.64239,0.49568,307,146
1752940117740,0.49877,0.49116,0.64028,0.49614,307,146
1752940117762,0.49949,0.49167,0.64017,0.49652,307,146
1752940117784,0.49946,0.49167,0.64013,0.49627,307,146
1752940117807,0.49954,0.49159,0.64026,0.49637,307,146
1752940117832,0.49938,0.49188,0.64032,0.49642,307,146
1752940117855,0.49694,0.48988,0.63826,0.49517,307,146
1752940117877,0.49760,0.49048,0.63855,0.49548,307,146
1752940117899,0.49753,0.49075,0.63868,0.49554,307,146
1752940117921,0.49762,0.49065,0.63853,0.49574,307,146
1752940117945,0.49763,0.49071,0.63862,0.49573,307,146
1752940117968,0.49711,0.49155,0.63813,0.49640,307,146
1752940117990,0.49706,0.49137,0.63839,0.49658,307,146
1752940118015,0.49707,0.49145,0.63833,0.49649,307,146
1752940118040,0.49696,0.49166,0.63843,0.49653,307,146
1752940118064,0.49610,0.49088,0.63740,0.49592,307,146
1752940118088,0.49635,0.49143,0.63750,0.49590,307,146
1752940118111,0.49625,0.49142,0.63763,0.49597,307,146
1752940118138,0.49626,0.49144,0.63767,0.49600,307,146
1752940118160,0.49538,0.49046,0.63661,0.49599,307,146
1752940118184,0.49555,0.49097,0.63690,0.49626,307,146
1752940118208,0.49556,0.49099,0.63675,0.49627,307,146
1752940118234,0.49548,0.49093,0.63670,0.49614,307,146
1752940118257,0.49636,0.49110,0.63713,0.49587,307,146
1752940118280,0.49642,0.49118,0.63720,0.49588,307,146
1752940118303,0.49630,0.49124,0.63718,0.49570,307,146
1752940118326,0.49624,0.49100,0.63715,0.49571,307,146
1752940118348,0.49642,0.49052,0.63718,0.49547,307,146
1752940118371,0.49613,0.49041,0.63731,0.49516,307,146
1752940118393,0.49601,0.49048,0.63730,0.49523,307,146
1752940118418,0.49608,0.49046,0.63741,0.49522,307,146
1752940118442,0.49616,0.49045,0.63734,0.49519,307,146
1752940118462,0.49651,0.49094,0.63752,0.49561,307,146
1752940118483,0.49680,0.49060,0.63758,0.49589,307,146
1752940118503,0.49678,0.49057,0.63767,0.49603,307,146
1752940118525,0.49672,0.49057,0.63765,0.49604,307,146
1752940118553,0.49706,0.48944,0.63763,0.49570,307,146
1752940118575,0.49706,0.48986,0.63783,0.49539,307,146
1752940118597,0.49697,0.49000,0.63791,0.49532,307,146
1752940118620,0.49683,0.49004,0.63784,0.49554,307,146
1752940118639,0.49729,0.49138,0.63818,0.49573,307,146
1752940118660,0.49755,0.49101,0.63815,0.49591,307,146
1752940118681,0.49757,0.49110,0.63817,0.49600,307,146
1752940118701,0.49756,0.49118,0.63822,0.49601,307,146
1752940118721,0.49753,0.49106,0.63805,0.49603,307,146
1752940118743,0.49751,0.49119,0.63809,0.49608,307,146
1752940118762,0.49729,0.48997,0.63822,0.49578,307,146
1752940118782,0.49735,0.49021,0.63818,0.49553,307,146
1752940118802,0.49723,0.49010,0.63818,0.49560,307,146
1752940118821,0.49723,0.49027,0.63808,0.49560,307,146
1752940118840,0.49720,0.49082,0.63827,0.49567,307,146
1752940118858,0.49725,0.49054,0.63813,0.49604,307,146
1752940118876,0.49718,0.49057,0.63826,0.49583,307,146
1752940118894,0.49719,0.49059,0.63829,0.49586,307,146
1752940118911,0.49721,0.49062,0.63832,0.49589,307,146
1752940118935,0.49719,0.49041,0.63831,0.49592,307,146
1752940118961,0.49751,0.49077,0.63848,0.49610,307,146
1752940118978,0.49737,0.49106,0.63855,0.49591,307,146
1752940118997,0.49744,0.49086,0.63849,0.49578,307,146
1752940119016,0.49755,0.49093,0.63863,0.49592,307,146
1752940119036,0.49773,0.49064,0.63884,0.49605,307,146
1752940119055,0.49769,0.49059,0.63869,0.49568,307,146
1752940119073,0.49779,0.49061,0.63853,0.49566,307,146
1752940119092,0.49759,0.49073,0.63847,0.49547,307,146
1752940119110,0.49761,0.49067,0.63852,0.49558,307,146
1752940119132,0.49766,0.49074,0.63858,0.49541,307,146
1752940119150,0.49804,0.49034,0.63897,0.49526,307,146
1752940119171,0.49790,0.49031,0.63914,0.49569,307,146
1752940119189,0.49799,0.49024,0.63907,0.49568,307,146
1752940119207,0.49803,0.49028,0.63915,0.49572,307,146
1752940119227,0.49795,0.49020,0.63912,0.49565,307,146
1752940119245,0.49865,0.48954,0.63983,0.49620,307,146
1752940119264,0.49814,0.48948,0.63977,0.49543,307,146
1752940119282,0.49839,0.48936,0.63981,0.49572,307,146
1752940119309,0.49805,0.48941,0.63982,0.49547,307,146
1752940119329,0.49810,0.48961,0.63985,0.49549,307,146
1752940119347,0.49890,0.49021,0.64000,0.49550,307,146
1752940119365,0.49879,0.49028,0.63989,0.49564,307,146
1752940119383,0.49907,0.49008,0.64010,0.49552,307,146
1752940119401,0.49905,0.49030,0.63999,0.49539,307,146
1752940119418,0.49904,0.49013,0.64012,0.49557,307,146
1752940119436,0.49899,0.49019,0.64050,0.49589,307,146
1752940119453,0.49915,0.48979,0.64053,0.49615,307,146
1752940119472,0.49914,0.48990,0.64046,0.49640,307,146
1752940119490,0.49897,0.48983,0.64050,0.49627,307,146
1752940119509,0.49902,0.48983,0.64036,0.49643,307,146
1752940119527,0.49899,0.48978,0.64052,0.49629,307,146
1752940119546,0.49955,0.48999,0.64074,0.49642,307,146
1752940119564,0.49955,0.49022,0.64071,0.49588,307,146
1752940119583,0.49964,0.48996,0.64073,0.49611,307,146
1752940119601,0.49971,0.49012,0.64069,0.49602,307,146
1752940119622,0.49955,0.49010,0.64068,0.49608,307,146
1752940119642,0.50042,0.48982,0.64123,0.49579,307,146
1752940119662,0.50029,0.48971,0.64131,0.49606,307,146
1752940119682,0.50027,0.48975,0.64117,0.49599,307,146
1752940119702,0.50022,0.48953,0.64133,0.49603,307,146
1752940119722,0.50030,0.48974,0.64126,0.49591,307,146
1752940119743,0.49998,0.49022,0.64116,0.49640,307,146
1752940119764,0.49988,0.49024,0.64117,0.49646,307,146
1752940119785,0.50002,0.49017,0.64131,0.49652,307,146
1752940119805,0.49987,0.49025,0.64124,0.49654,307,146
1752940120860,0.48989,0.49363,0.63254,0.50122,768,146
1752940120883,0.49005,0.49383,0.63276,0.50103,768,146
1752940120908,0.49000,0.49372,0.63274,0.50117,768,146
1752940120931,0.48993,0.49379,0.63267,0.50100,768,146
1752940120956,0.49052,0.49322,0.63293,0.50065,768,146
1752940120981,0.49007,0.49365,0.63272,0.50110,768,146
1752940121006,0.49012,0.49355,0.63286,0.50117,768,146
1752940121033,0.49024,0.49358,0.63283,0.50127,768,146
1752940121058,0.49034,0.49413,0.63308,0.50175,768,146
1752940121083,0.49005,0.49403,0.63295,0.50173,768,146
1752940121108,0.49019,0.49383,0.63303,0.50163,768,146
1752940121131,0.49016,0.49381,0.63283,0.50160,768,146
1752940121154,0.49018,0.49386,0.63285,0.50141,768,146
1752940121179,0.49040,0.49395,0.63313,0.50133,768,146
1752940121203,0.49056,0.49364,0.63315,0.50132,768,146
1752940121228,0.49036,0.49401,0.63308,0.50104,768,146
1752940121251,0.49001,0.49374,0.63306,0.50145,768,146
1752940121273,0.49013,0.49364,0.63295,0.50136,768,146
1752940121294,0.49007,0.49353,0.63284,0.50125,768,146
1752940121315,0.49022,0.49376,0.63295,0.50131,768,146
1752940121338,0.49010,0.49376,0.63289,0.50149,768,146
1752940121358,0.48969,0.49422,0.63282,0.50154,768,146
1752940121381,0.48979,0.49417,0.63284,0.50157,768,146
1752940121403,0.48968,0.49429,0.63290,0.50144,768,146
1752940121424,0.48980,0.49409,0.63284,0.50148,768,146
1752940121446,0.49016,0.49396,0.63306,0.50135,768,146
1752940121466,0.49022,0.49364,0.63318,0.50134,768,146
1752940121485,0.49023,0.49368,0.63314,0.50131,768,146
1752940121505,0.49012,0.49379,0.63308,0.50132,768,146
1752940121527,0.49010,0.49370,0.63307,0.50140,768,146
1752940121548,0.49028,0.49376,0.63305,0.50145,768,146
1752940121567,0.49011,0.49339,0.63320,0.50134,768,146
1752940121585,0.48999,0.49335,0.63310,0.50131,768,146
1752940121604,0.48995,0.49341,0.63304,0.50129,768,146
1752940121624,0.48999,0.49342,0.63316,0.50131,768,146
1752940121644,0.49098,0.49293,0.63393,0.50081,768,146
1752940121664,0.49066,0.49306,0.63399,0.50081,768,146
1752940121683,0.49084,0.49331,0.63381,0.50080,768,146
1752940121702,0.49090,0.49324,0.63375,0.50097,768,146
1752940121720,0.49091,0.49315,0.63376,0.50096,768,146
1752940121737,0.49130,0.49336,0.63415,0.50158,768,146
1752940121755,0.49119,0.49302,0.63411,0.50183,768,146
1752940121775,0.49127,0.49282,0.63389,0.50172,768,146
1752940121793,0.49126,0.49288,0.63396,0.50171,768,146
1752940121813,0.49119,0.49297,0.63394,0.50181,768,146
1752940121832,0.49139,0.49309,0.63431,0.50193,768,146
1752940121852,0.49131,0.49301,0.63439,0.50200,768,146
1752940121872,0.49129,0.49323,0.63433,0.50205,768,146
1752940121890,0.49131,0.49326,0.63431,0.50190,768,146
1752940121908,0.49135,0.49329,0.63439,0.50211,768,146
1752940121927,0.49128,0.49322,0.63437,0.50180,768,146
1752940121946,0.49170,0.49318,0.63476,0.50182,768,146
1752940121964,0.49204,0.49346,0.63478,0.50168,768,146
1752940121983,0.49223,0.49341,0.63490,0.50180,768,146
1752940122000,0.49210,0.49338,0.63471,0.50177,768,146
1752940122021,0.49202,0.49346,0.63484,0.50161,768,146
1752940122040,0.49236,0.49306,0.63538,0.50122,768,146
1752940122059,0.49207,0.49311,0.63538,0.50146,768,146
1752940122078,0.49225,0.49319,0.63545,0.50170,768,146
1752940122096,0.49224,0.49322,0.63553,0.50149,768,146
1752940122114,0.49215,0.49334,0.63543,0.50161,768,146
1752940122133,0.49211,0.49314,0.63558,0.50142,768,146
1752940122151,0.49274,0.49346,0.63551,0.50146,768,146
1752940122169,0.49253,0.49341,0.63543,0.50167,768,146
1752940122187,0.49245,0.49355,0.63541,0.50173,768,146
1752940122204,0.49238,0.49349,0.63542,0.50151,768,146
1752940122224,0.49237,0.49338,0.63543,0.50150,768,146
1752940122242,0.49335,0.49272,0.63594,0.50113,768,146
1752940122261,0.49317,0.49288,0.63584,0.50139,768,146
1752940122280,0.49300,0.49291,0.63576,0.50128,768,146
1752940122299,0.49303,0.49304,0.63577,0.50118,768,146
1752940122317,0.49299,0.49292,0.63570,0.50130,768,146
1752940122340,0.49303,0.49298,0.63579,0.50118,768,146
1752940122359,0.49334,0.49307,0.63624,0.50170,768,146
1752940122379,0.49336,0.49261,0.63609,0.50179,768,146
1752940122400,0.49333,0.49257,0.63592,0.50174,768,146
1752940122420,0.49330,0.49269,0.63586,0.50187,768,146
1752940122441,0.49336,0.49224,0.63647,0.50145,768,146
1752940122461,0.49337,0.49258,0.63619,0.50152,768,146
1752940122481,0.49338,0.49243,0.63625,0.50130,768,146
1752940122502,0.49332,0.49258,0.63633,0.50146,768,146
1752940122525,0.49323,0.49240,0.63623,0.50153,768,146
1752940122546,0.49342,0.49362,0.63665,0.50228,768,146
1752940122568,0.49328,0.49353,0.63637,0.50231,768,146
1752940122590,0.49314,0.49341,0.63647,0.50238,768,146
1752940122614,0.49315,0.49330,0.63646,0.50209,768,146
1752940122638,0.49333,0.49305,0.63626,0.50207,768,146
1752940122662,0.49334,0.49311,0.63639,0.50211,768,146
1752940122685,0.49337,0.49326,0.63635,0.50211,768,146
1752940122708,0.49342,0.49310,0.63639,0.50220,768,146
1752940122732,0.49342,0.49351,0.63611,0.50186,768,146
1752940122757,0.49346,0.49348,0.63610,0.50178,768,146
1752940122780,0.49336,0.49359,0.63613,0.50183,768,146
1752940122802,0.49354,0.49345,0.63613,0.50178,768,146
1752940122827,0.49361,0.49357,0.63612,0.50172,768,146
1752940122853,0.49354,0.49363,0.63604,0.50203,768,146
1752940122879,0.49333,0.49373,0.63602,0.50218,768,146
1752940122904,0.49314,0.49375,0.63595,0.50204,768,146
1752940122931,0.49300,0.49366,0.63608,0.50203,768,146
1752940122956,0.49363,0.49347,0.63651,0.50232,768,146
1752940122981,0.49379,0.49372,0.63639,0.50214,768,146
1752940123005,0.49379,0.49383,0.63656,0.50226,768,146
1752940123032,0.49385,0.49368,0.63650,0.50210,768,146
1752940123058,0.49424,0.49276,0.63663,0.50165,768,146
1752940123084,0.49333,0.49261,0.63645,0.50199,768,146
1752940123115,0.49361,0.49282,0.63643,0.50187,768,146
1752940123140,0.49395,0.49303,0.63681,0.50208,768,146
1752940123165,0.49425,0.49302,0.63662,0.50201,768,146
1752940123189,0.49427,0.49307,0.63668,0.50214,768,146
1752940123213,0.49430,0.49315,0.63670,0.50222,768,146
1752940123238,0.49426,0.49322,0.63669,0.50237,768,146
1752940123264,0.49413,0.49323,0.63710,0.50233,768,146
1752940123289,0.49408,0.49258,0.63702,0.50269,768,146
1752940123315,0.49410,0.49256,0.63717,0.50253,768,146
1752940123340,0.49418,0.49249,0.63708,0.50238,768,146
1752940123364,0.49379,0.49301,0.63674,0.50224,768,146
1752940123389,0.49398,0.49348,0.63669,0.50201,768,146
1752940123415,0.49417,0.49352,0.63666,0.50196,768,146
1752940123437,0.49434,0.49385,0.63709,0.50311,768,146
1752940123457,0.49393,0.49361,0.63723,0.50311,768,146
1752940123476,0.49393,0.49378,0.63716,0.50327,768,146
1752940123493,0.49390,0.49378,0.63716,0.50334,768,146
1752940123512,0.49405,0.49383,0.63712,0.50313,768,146
1752940123529,0.49389,0.49312,0.63675,0.50290,768,146
1752940123547,0.49395,0.49314,0.63669,0.50284,768,146
1752940123565,0.49383,0.49313,0.63677,0.50284,768,146
1752940123582,0.49389,0.49321,0.63684,0.50276,768,146
1752940123598,0.49381,0.49322,0.63675,0.50277,768,146
1752940123616,0.49386,0.49325,0.63680,0.50280,768,146
1752940123637,0.49405,0.49327,0.63669,0.50279,768,146
1752940123656,0.49375,0.49440,0.63657,0.50362,768,146
1752940123675,0.49366,0.49414,0.63644,0.50321,768,146
1752940123694,0.49372,0.49426,0.63640,0.50323,768,146
1752940123714,0.49367,0.49425,0.63655,0.50324,768,146
1752940123734,0.49368,0.49433,0.63655,0.50331,768,146
1752940123757,0.49352,0.49350,0.63677,0.50293,768,146
1752940123777,0.49336,0.49366,0.63680,0.50299,768,146
1752940123799,0.49343,0.49344,0.63669,0.50275,768,146
1752940123820,0.49347,0.49354,0.63675,0.50285,768,146
1752940123843,0.49387,0.49440,0.63713,0.50403,768,146
1752940124880,0.48370,0.49320,0.62653,0.50251,1229,146
1752940124907,0.48360,0.49305,0.62651,0.50219,1229,146
1752940124930,0.48364,0.49283,0.62640,0.50214,1229,146
1752940124958,0.48367,0.49454,0.62625,0.50286,1229,146
1752940124990,0.48376,0.49427,0.62596,0.50287,1229,146
1752940125023,0.48354,0.49435,0.62621,0.50298,1229,146
1752940125051,0.48304,0.49412,0.62594,0.50300,1229,146
1752940125079,0.48330,0.49382,0.62574,0.50269,1229,146
1752940125105,0.48333,0.49355,0.62578,0.50246,1229,146
1752940125136,0.48303,0.49515,0.62528,0.50341,1229,146
1752940125162,0.48325,0.49466,0.62546,0.50379,1229,146
1752940125187,0.48322,0.49486,0.62537,0.50360,1229,146
1752940125213,0.48313,0.49491,0.62539,0.50366,1229,146
1752940125242,0.48328,0.49490,0.62551,0.50389,1229,146
1752940125269,0.48277,0.49276,0.62551,0.50209,1229,146
1752940125296,0.48269,0.49416,0.62528,0.50226,1229,146
1752940125321,0.48276,0.49341,0.62522,0.50227,1229,146
1752940125347,0.48318,0.49388,0.62536,0.50245,1229,146
1752940125374,0.48333,0.49394,0.62549,0.50237,1229,146
1752940125401,0.48318,0.49378,0.62542,0.50246,1229,146
1752940125423,0.48321,0.49396,0.62543,0.50239,1229,146
1752940125449,0.48313,0.49447,0.62542,0.50322,1229,146
1752940125475,0.48300,0.49423,0.62557,0.50331,1229,146
1752940125501,0.48317,0.49461,0.62557,0.50329,1229,146
1752940125528,0.48304,0.49434,0.62554,0.50334,1229,146
1752940125553,0.48321,0.49594,0.62533,0.50437,1229,146
1752940125579,0.48320,0.49519,0.62529,0.50449,1229,146
1752940125606,0.48338,0.49597,0.62536,0.50442,1229,146
1752940125631,0.48324,0.49572,0.62518,0.50438,1229,146
1752940125656,0.48334,0.49519,0.62555,0.50501,1229,146
1752940125682,0.48358,0.49520,0.62575,0.50429,1229,146
1752940125708,0.48339,0.49522,0.62544,0.50441,1229,146
1752940125737,0.48345,0.49529,0.62599,0.50443,1229,146
1752940125757,0.48348,0.49655,0.62554,0.50549,1229,146
1752940125778,0.48314,0.49657,0.62545,0.50543,1229,146
1752940125798,0.48323,0.49667,0.62559,0.50538,1229,146
1752940125818,0.48326,0.49681,0.62553,0.50549,1229,146
1752940125840,0.48287,0.49650,0.62532,0.50553,1229,146
1752940125863,0.48266,0.49637,0.62509,0.50516,1229,146
1752940125885,0.48270,0.49646,0.62506,0.50518,1229,146
1752940125909,0.48268,0.49667,0.62501,0.50514,1229,146
1752940125932,0.48246,0.49736,0.62513,0.50610,1229,146
1752940125955,0.48248,0.49693,0.62534,0.50615,1229,146
1752940125979,0.48260,0.49717,0.62504,0.50596,1229,146
1752940126004,0.48262,0.49723,0.62504,0.50595,1229,146
1752940126028,0.48261,0.49690,0.62509,0.50601,1229,146
1752940126052,0.48239,0.49649,0.62545,0.50549,1229,146
1752940126076,0.48235,0.49659,0.62522,0.50551,1229,146
1752940126103,0.48242,0.49677,0.62525,0.50558,1229,146
1752940126129,0.48239,0.49659,0.62518,0.50546,1229,146
1752940126154,0.48273,0.49507,0.62563,0.50370,1229,146
1752940126181,0.48246,0.49510,0.62514,0.50401,1229,146
1752940126207,0.48241,0.49491,0.62514,0.50434,1229,146
1752940126229,0.48256,0.49529,0.62508,0.50415,1229,146
1752940126255,0.48275,0.49557,0.62515,0.50524,1229,146
1752940126281,0.48277,0.49644,0.62513,0.50501,1229,146
1752940126309,0.48272,0.49675,0.62535,0.50505,1229,146
1752940126334,0.48269,0.49666,0.62536,0.50480,1229,146
1752940126359,0.48280,0.49481,0.62572,0.50417,1229,146
1752940126385,0.48276,0.49611,0.62573,0.50520,1229,146
1752940126410,0.48282,0.49570,0.62552,0.50492,1229,146
1752940126432,0.48298,0.49567,0.62557,0.50485,1229,146
1752940126457,0.48336,0.49636,0.62595,0.50505,1229,146
1752940126482,0.48349,0.49658,0.62596,0.50471,1229,146
1752940126507,0.48339,0.49643,0.62620,0.50468,1229,146
1752940126536,0.48347,0.49635,0.62608,0.50473,1229,146
1752940126561,0.48337,0.49597,0.62578,0.50476,1229,146
1752940126586,0.48333,0.49583,0.62572,0.50444,1229,146
1752940126612,0.48341,0.49618,0.62565,0.50464,1229,146
1752940126637,0.48327,0.49610,0.62548,0.50464,1229,146
1752940126663,0.48314,0.49549,0.62532,0.50465,1229,146
1752940126689,0.48327,0.49564,0.62529,0.50458,1229,146
1752940126714,0.48331,0.49564,0.62542,0.50466,1229,146
1752940126741,0.48274,0.49582,0.62581,0.50495,1229,146
1752940126766,0.48262,0.49606,0.62562,0.50497,1229,146
1752940126791,0.48253,0.49589,0.62557,0.50474,1229,146
1752940126817,0.48255,0.49575,0.62559,0.50477,1229,146
1752940126843,0.48249,0.49568,0.62553,0.50495,1229,146
1752940126869,0.48216,0.49592,0.62483,0.50468,1229,146
1752940126893,0.48236,0.49601,0.62500,0.50464,1229,146
1752940126921,0.48227,0.49603,0.62515,0.50464,1229,146
1752940126945,0.48257,0.49512,0.62505,0.50462,1229,146
1752940126970,0.48218,0.49548,0.62479,0.50435,1229,146
1752940126997,0.48235,0.49557,0.62465,0.50456,1229,146
1752940127025,0.48243,0.49540,0.62486,0.50441,1229,146
1752940127049,0.48271,0.49589,0.62529,0.50514,1229,146
1752940127074,0.48270,0.49581,0.62527,0.50506,1229,146
1752940127099,0.48274,0.49582,0.62519,0.50507,1229,146
1752940127126,0.48274,0.49574,0.62517,0.50523,1229,146
1752940127152,0.48263,0.49501,0.62556,0.50452,1229,146
1752940127178,0.48293,0.49598,0.62591,0.50512,1229,146
1752940127206,0.48288,0.49559,0.62585,0.50465,1229,146
1752940127234,0.48288,0.49556,0.62574,0.50469,1229,146
1752940127258,0.48287,0.49698,0.62530,0.50535,1229,146
1752940127284,0.48259,0.49643,0.62509,0.50512,1229,146
1752940127310,0.48276,0.49673,0.62521,0.50517,1229,146
1752940127345,0.48282,0.49671,0.62525,0.50515,1229,146
1752940127373,0.48260,0.49669,0.62537,0.50563,1229,146
1752940127400,0.48247,0.49621,0.62563,0.50580,1229,146
1752940127425,0.48257,0.49643,0.62553,0.50571,1229,146
1752940127449,0.48268,0.49556,0.62543,0.50500,1229,146
1752940127474,0.48253,0.49620,0.62515,0.50517,1229,146
1752940127498,0.48268,0.49636,0.62513,0.50508,1229,146
1752940127520,0.48255,0.49642,0.62504,0.50514,1229,146
1752940127546,0.48214,0.49779,0.62479,0.50586,1229,146
1752940127570,0.48208,0.49742,0.62482,0.50581,1229,146
1752940127595,0.48203,0.49679,0.62466,0.50563,1229,146
1752940127626,0.48203,0.49714,0.62482,0.50560,1229,146
1752940127651,0.48171,0.49686,0.62488,0.50517,1229,146
1752940127677,0.48162,0.49700,0.62481,0.50548,1229,146
1752940127703,0.48161,0.49700,0.62493,0.50538,1229,146
1752940127731,0.48158,0.49688,0.62479,0.50543,1229,146
1752940127755,0.48197,0.49683,0.62427,0.50509,1229,146
1752940127780,0.48211,0.49697,0.62441,0.50526,1229,146
1752940127804,0.48214,0.49689,0.62428,0.50549,1229,146
1752940127825,0.48209,0.49668,0.62433,0.50536,1229,146
1752940127852,0.48141,0.49686,0.62412,0.50622,1229,146
1752940127879,0.48150,0.49681,0.62433,0.50625,1229,146
1752940127905,0.48153,0.49702,0.62421,0.50639,1229,146
1752940128978,0.49833,0.50043,0.64017,0.50684,307,365
1752940129004,0.49824,0.50027,0.64034,0.50684,307,365
1752940129026,0.49806,0.50017,0.64025,0.50674,307,365
1752940129052,0.49842,0.50034,0.64024,0.50665,307,365
1752940129077,0.49838,0.50047,0.64029,0.50734,307,365
1752940129103,0.49850,0.50043,0.64021,0.50708,307,365
1752940129129,0.49832,0.50039,0.64010,0.50697,307,365
1752940129154,0.49795,0.49927,0.64019,0.50628,307,365
1752940129179,0.49810,0.49931,0.64022,0.50615,307,365
1752940129206,0.49807,0.49934,0.64032,0.50643,307,365
1752940129233,0.49802,0.50066,0.63965,0.50747,307,365
1752940129259,0.49828,0.50126,0.64010,0.50728,307,365
1752940129285,0.49823,0.50066,0.63998,0.50745,307,365
1752940129310,0.49810,0.50044,0.64015,0.50742,307,365
1752940129335,0.49831,0.50076,0.63991,0.50737,307,365
1752940129359,0.49807,0.49885,0.64025,0.50622,307,365
1752940129385,0.49818,0.49954,0.64034,0.50635,307,365
1752940129411,0.49822,0.49974,0.64012,0.50599,307,365
1752940129436,0.49820,0.49945,0.64015,0.50618,307,365
1752940129461,0.49777,0.49743,0.64004,0.50442,307,365
1752940129487,0.49779,0.49746,0.64038,0.50478,307,365
1752940129513,0.49782,0.49732,0.64036,0.50474,307,365
1752940129530,0.49836,0.49853,0.64062,0.50465,307,365
1752940129547,0.49870,0.49856,0.64069,0.50471,307,365
1752940129563,0.49853,0.49830,0.64069,0.50494,307,365
1752940129582,0.49857,0.49796,0.64066,0.50484,307,365
1752940129599,0.49870,0.49825,0.64065,0.50488,307,365
1752940129617,0.49864,0.49814,0.64071,0.50502,307,365
1752940129635,0.49884,0.49950,0.64104,0.50645,307,365
1752940129652,0.49837,0.49970,0.64118,0.50636,307,365
1752940129668,0.49852,0.49986,0.64097,0.50647,307,365
1752940129685,0.49856,0.49995,0.64110,0.50632,307,365
1752940129701,0.49840,0.49987,0.64107,0.50643,307,365
1752940129721,0.49854,0.49972,0.64101,0.50634,307,365
1752940129739,0.49899,0.49895,0.64105,0.50572,307,365
1752940129757,0.49924,0.49925,0.64094,0.50549,307,365
1752940129776,0.49898,0.49935,0.64082,0.50569,307,365
1752940129794,0.49913,0.49941,0.64098,0.50558,307,365
1752940129812,0.49892,0.49929,0.64090,0.50564,307,365
1752940129830,0.49953,0.49743,0.64186,0.50436,307,365
1752940129846,0.49918,0.49786,0.64181,0.50470,307,365
1752940129864,0.49913,0.49766,0.64184,0.50460,307,365
1752940129881,0.49925,0.49781,0.64182,0.50457,307,365
1752940129899,0.49927,0.49781,0.64195,0.50451,307,365
1752940129917,0.49918,0.49771,0.64199,0.50473,307,365
1752940129934,0.50009,0.50001,0.64106,0.50791,307,365
1752940129951,0.49970,0.50055,0.64187,0.50787,307,365
1752940129969,0.49945,0.50069,0.64158,0.50773,307,365
1752940129985,0.49951,0.50059,0.64175,0.50789,307,365
1752940130005,0.49954,0.50057,0.64176,0.50786,307,365
1752940130024,0.50121,0.50624,0.64230,0.51420,307,365
1752940130042,0.50102,0.50683,0.64252,0.51376,307,365
1752940130060,0.50118,0.50687,0.64258,0.51378,307,365
1752940130076,0.50127,0.50679,0.64257,0.51390,307,365
1752940130095,0.50130,0.50683,0.64268,0.51394,307,365
1752940130112,0.50125,0.50685,0.64260,0.51397,307,365
1752940130130,0.50137,0.50682,0.64265,0.51418,307,365
1752940130146,0.50164,0.50484,0.64329,0.51245,307,365
1752940130163,0.50129,0.50531,0.64351,0.51267,307,365
1752940130179,0.50148,0.50537,0.64324,0.51236,307,365
1752940130196,0.50155,0.50536,0.64314,0.51241,307,365
1752940130213,0.50147,0.50553,0.64327,0.51211,307,365
1752940130230,0.50303,0.50499,0.64441,0.51228,307,365
1752940130247,0.50268,0.50528,0.64453,0.51262,307,365
1752940130263,0.50291,0.50517,0.64447,0.51256,307,365
1752940130279,0.50279,0.50529,0.64451,0.51252,307,365
1752940130294,0.50271,0.50505,0.64434,0.51252,307,365
1752940130314,0.50288,0.50507,0.64433,0.51253,307,365
1752940130330,0.50330,0.50868,0.64445,0.51490,307,365
1752940130346,0.50282,0.50809,0.64472,0.51519,307,365
1752940130363,0.50279,0.50817,0.64473,0.51503,307,365
1752940130378,0.50279,0.50818,0.64469,0.51504,307,365
1752940130394,0.50281,0.50818,0.64472,0.51487,307,365
1752940130409,0.50283,0.50813,0.64471,0.51506,307,365
1752940130424,0.50277,0.50728,0.64478,0.51446,307,365
1752940130440,0.50261,0.50711,0.64478,0.51454,307,365
1752940130456,0.50250,0.50714,0.64489,0.51451,307,365
1752940130472,0.50249,0.50723,0.64489,0.51453,307,365
1752940130488,0.50249,0.50720,0.64491,0.51433,307,365
1752940130503,0.50262,0.50732,0.64478,0.51436,307,365
1752940130520,0.50256,0.50719,0.64492,0.51432,307,365
1752940130536,0.50374,0.50785,0.64532,0.51542,307,365
1752940130552,0.50353,0.50776,0.64556,0.51549,307,365
1752940130567,0.50360,0.50773,0.64568,0.51546,307,365
1752940130582,0.50350,0.50777,0.64555,0.51557,307,365
1752940130597,0.50352,0.50775,0.64554,0.51555,307,365
1752940130613,0.50347,0.50790,0.64568,0.51547,307,365
1752940130628,0.50447,0.50576,0.64589,0.51425,307,365
1752940130643,0.50451,0.50560,0.64588,0.51421,307,365
1752940130658,0.50460,0.50575,0.64595,0.51429,307,365
1752940130673,0.50470,0.50571,0.64587,0.51423,307,365
1752940130688,0.50455,0.50583,0.64604,0.51437,307,365
1752940130702,0.50453,0.50562,0.64599,0.51416,307,365
1752940130718,0.50431,0.50580,0.64613,0.51436,307,365
1752940130733,0.50511,0.50563,0.64634,0.51440,307,365
1752940130748,0.50480,0.50578,0.64644,0.51384,307,365
1752940130763,0.50468,0.50580,0.64628,0.51396,307,365
1752940130778,0.50451,0.50586,0.64635,0.51380,307,365
1752940130794,0.50464,0.50579,0.64646,0.51365,307,365
1752940130810,0.50468,0.50602,0.64625,0.51393,307,365
1752940130824,0.50517,0.50628,0.64654,0.51418,307,365
1752940130840,0.50520,0.50649,0.64664,0.51462,307,365
1752940130860,0.50505,0.50649,0.64662,0.51413,307,365
1752940130877,0.50515,0.50648,0.64663,0.51410,307,365
1752940130893,0.50503,0.50644,0.64667,0.51408,307,365
1752940130909,0.50517,0.50636,0.64675,0.51424,307,365
1752940130926,0.50509,0.50640,0.64670,0.51427,307,365
1752940130943,0.50522,0.50648,0.64695,0.51453,307,365
1752940130959,0.50499,0.50652,0.64716,0.51443,307,365
1752940130975,0.50504,0.50692,0.64706,0.51443,307,365
1752940130992,0.50497,0.50679,0.64706,0.51445,307,365
1752940131012,0.50519,0.50686,0.64707,0.51443,307,365
1752940131031,0.50548,0.50702,0.64702,0.51489,307,365
1752940131050,0.50564,0.50649,0.64740,0.51510,307,365
1752940131067,0.50566,0.50673,0.64755,0.51528,307,365
1752940131086,0.50560,0.50660,0.64744,0.51546,307,365
1752940131104,0.50552,0.50682,0.64754,0.51545,307,365
1752940131129,0.50559,0.50680,0.64758,0.51542,307,365
1752940131151,0.50579,0.50696,0.64754,0.51508,307,365
1752940131169,0.50547,0.50681,0.64733,0.51516,307,365
1752940131188,0.50544,0.50687,0.64746,0.51481,307,365
1752940131207,0.50556,0.50698,0.64745,0.51498,307,365
1752940131227,0.50589,0.50735,0.64717,0.51539,307,365
1752940131248,0.50597,0.50734,0.64756,0.51553,307,365
1752940131268,0.50586,0.50756,0.64733,0.51525,307,365
1752940131287,0.50584,0.50746,0.64745,0.51509,307,365
1752940131307,0.50576,0.50741,0.64736,0.51512,307,365
1752940131329,0.50591,0.50756,0.64729,0.51518,307,365
1752940131347,0.50612,0.50698,0.64778,0.51486,307,365
1752940131367,0.50611,0.50671,0.64775,0.51515,307,365
1752940131386,0.50608,0.50679,0.64769,0.51505,307,365
1752940131406,0.50597,0.50674,0.64785,0.51501,307,365
1752940131427,0.50621,0.50677,0.64789,0.51511,307,365
1752940131446,0.50616,0.50626,0.64775,0.51549,307,365
1752940131465,0.50642,0.50631,0.64778,0.51546,307,365
1752940131484,0.50636,0.50616,0.64772,0.51552,307,365
1752940131501,0.50603,0.50608,0.64761,0.51562,307,365
1752940131517,0.50619,0.50609,0.64774,0.51538,307,365
1752940131533,0.50526,0.50699,0.64718,0.51566,307,365
1752940131547,0.50541,0.50704,0.64735,0.51578,307,365
1752940131562,0.50542,0.50734,0.64729,0.51586,307,365
1752940131578,0.50541,0.50739,0.64729,0.51591,307,365
1752940131593,0.50538,0.50728,0.64717,0.51579,307,365
1752940131608,0.50545,0.50725,0.64720,0.51577,307,365
1752940131624,0.50518,0.50761,0.64709,0.51589,307,365
1752940131640,0.50525,0.50693,0.64702,0.51596,307,365
1752940131656,0.50539,0.50718,0.64700,0.51586,307,365
1752940131672,0.50537,0.50726,0.64721,0.51595,307,365
1752940131688,0.50536,0.50708,0.64712,0.51601,307,365
1752940131703,0.50548,0.50724,0.64708,0.51592,307,365
1752940131718,0.50545,0.50724,0.64702,0.51591,307,365
1752940131734,0.50522,0.50696,0.64697,0.51596,307,365
1752940131751,0.50526,0.50716,0.64703,0.51606,307,365
1752940131766,0.50508,0.50673,0.64699,0.51599,307,365
1752940131782,0.50509,0.50690,0.64705,0.51598,307,365
1752940131797,0.50509,0.50684,0.64701,0.51585,307,365
1752940131814,0.50533,0.50718,0.64711,0.51594,307,365
1752940131830,0.50496,0.50635,0.64703,0.51569,307,365
1752940131846,0.50526,0.50651,0.64735,0.51560,307,365
1752940131861,0.50515,0.50690,0.64712,0.51546,307,365
1752940131876,0.50519,0.50693,0.64726,0.51515,307,365
1752940131892,0.50513,0.50688,0.64710,0.51537,307,365
1752940131913,0.50514,0.50697,0.64729,0.51513,307,365
1752940131928,0.50518,0.50786,0.64715,0.51600,307,365
1752940131943,0.50536,0.50774,0.64721,0.51602,307,365
1752940131960,0.50519,0.50775,0.64724,0.51621,307,365
1752940131976,0.50519,0.50780,0.64719,0.51633,307,365
1752940133009,0.49695,0.50785,0.64018,0.51772,768,365
1752940133035,0.49687,0.50750,0.64013,0.51781,768,365
1752940133061,0.49628,0.50780,0.64023,0.51809,768,365
1752940133086,0.49629,0.50752,0.64038,0.51806,768,365
1752940133112,0.49639,0.50761,0.64028,0.51796,768,365
1752940133136,0.49699,0.50766,0.63990,0.51788,768,365
1752940133161,0.49688,0.50769,0.63988,0.51783,768,365
1752940133186,0.49709,0.50770,0.63986,0.51802,768,365
1752940133212,0.49713,0.50805,0.63980,0.51770,768,365
1752940133235,0.49674,0.50810,0.64028,0.51774,768,365
1752940133260,0.49668,0.50813,0.64030,0.51781,768,365
1752940133285,0.49655,0.50793,0.64020,0.51783,768,365
1752940133310,0.49663,0.50797,0.64019,0.51779,768,365
1752940133336,0.49661,0.50792,0.64023,0.51788,768,365
1752940133359,0.49632,0.50771,0.63996,0.51778,768,365
1752940133385,0.49623,0.50719,0.64007,0.51783,768,365
1752940133409,0.49615,0.50725,0.64005,0.51800,768,365
1752940133437,0.49629,0.50735,0.64004,0.51784,768,365
1752940133462,0.49642,0.50777,0.64017,0.51802,768,365
1752940133486,0.49655,0.50770,0.64002,0.51787,768,365
1752940133511,0.49656,0.50775,0.63982,0.51797,768,365
1752940133537,0.49634,0.50844,0.63955,0.51869,768,365
1752940133562,0.49627,0.50837,0.63988,0.51847,768,365
1752940133586,0.49629,0.50850,0.63986,0.51871,768,365
1752940133609,0.49619,0.50834,0.63979,0.51868,768,365
1752940133635,0.49620,0.50807,0.63938,0.51800,768,365
1752940133660,0.49640,0.50809,0.63940,0.51798,768,365
1752940133686,0.49628,0.50807,0.63932,0.51800,768,365
1752940133711,0.49631,0.50809,0.63941,0.51792,768,365
1752940133737,0.49626,0.50791,0.63931,0.51797,768,365
1752940133764,0.49549,0.50824,0.63908,0.51827,768,365
1752940133789,0.49587,0.50830,0.63887,0.51816,768,365
1752940133814,0.49584,0.50827,0.63887,0.51820,768,365
1752940133840,0.49596,0.50859,0.63865,0.51867,768,365
1752940133864,0.49586,0.50844,0.63891,0.51830,768,365
1752940133886,0.49559,0.50854,0.63895,0.51818,768,365
1752940133909,0.49577,0.50844,0.63910,0.51838,768,365
1752940133932,0.49508,0.50758,0.63894,0.51797,768,365
1752940133957,0.49504,0.50757,0.63865,0.51747,768,365
1752940133982,0.49493,0.50752,0.63866,0.51774,768,365
1752940134013,0.49492,0.50764,0.63867,0.51772,768,365
1752940134040,0.49533,0.50759,0.63902,0.51823,768,365
1752940134065,0.49525,0.50745,0.63909,0.51830,768,365
1752940134091,0.49527,0.50763,0.63913,0.51820,768,365
1752940134117,0.49539,0.50763,0.63903,0.51822,768,365
1752940134142,0.49571,0.50758,0.63897,0.51756,768,365
1752940134167,0.49542,0.50716,0.63916,0.51759,768,365
1752940134190,0.49560,0.50753,0.63912,0.51787,768,365
1752940134218,0.49550,0.50755,0.63908,0.51780,768,365
1752940134243,0.49597,0.50742,0.63913,0.51782,768,365
1752940134267,0.49592,0.50773,0.63872,0.51803,768,365
1752940134292,0.49582,0.50757,0.63886,0.51795,768,365
1752940134316,0.49594,0.50752,0.63874,0.51803,768,365
1752940134343,0.49562,0.50824,0.63849,0.51851,768,365
1752940134366,0.49587,0.50828,0.63890,0.51835,768,365
1752940134391,0.49580,0.50837,0.63875,0.51837,768,365
1752940134414,0.49589,0.50815,0.63884,0.51838,768,365
1752940134439,0.49548,0.50813,0.63860,0.51862,768,365
1752940134463,0.49554,0.50803,0.63856,0.51872,768,365
1752940134488,0.49556,0.50803,0.63863,0.51872,768,365
1752940134511,0.49558,0.50794,0.63860,0.51880,768,365
1752940134539,0.49519,0.50886,0.63824,0.51827,768,365
1752940134564,0.49528,0.50858,0.63844,0.51834,768,365
1752940134588,0.49517,0.50865,0.63844,0.51825,768,365
1752940134613,0.49529,0.50853,0.63837,0.51811,768,365
1752940134637,0.49474,0.50830,0.63790,0.51830,768,365
1752940134664,0.49462,0.50841,0.63783,0.51815,768,365
1752940134689,0.49465,0.50828,0.63782,0.51819,768,365
1752940134712,0.49450,0.50821,0.63786,0.51820,768,365
1752940134736,0.49488,0.50835,0.63784,0.51849,768,365
1752940134761,0.49474,0.50877,0.63767,0.51835,768,365
1752940134788,0.49459,0.50880,0.63742,0.51861,768,365
1752940134813,0.49475,0.50871,0.63766,0.51846,768,365
1752940134837,0.49474,0.50782,0.63763,0.51812,768,365
1752940134862,0.49480,0.50770,0.63809,0.51824,768,365
1752940134886,0.49468,0.50788,0.63800,0.51807,768,365
1752940134912,0.49467,0.50779,0.63804,0.51822,768,365
1752940134936,0.49497,0.50786,0.63828,0.51847,768,365
1752940134960,0.49500,0.50785,0.63817,0.51894,768,365
1752940134986,0.49503,0.50767,0.63817,0.51868,768,365
1752940135012,0.49498,0.50762,0.63821,0.51871,768,365
1752940135039,0.49456,0.50805,0.63700,0.51909,768,365
1752940135065,0.49450,0.50825,0.63709,0.51933,768,365
1752940135091,0.49430,0.50817,0.63716,0.51910,768,365
1752940135115,0.49444,0.50826,0.63719,0.51925,768,365
1752940135141,0.49387,0.50795,0.63599,0.51859,768,365
1752940135167,0.49342,0.50795,0.63613,0.51870,768,365
1752940135192,0.49356,0.50805,0.63615,0.51861,768,365
1752940135216,0.49351,0.50778,0.63618,0.51860,768,365
1752940135242,0.49276,0.50916,0.63535,0.51893,768,365
1752940135266,0.49293,0.50856,0.63554,0.51906,768,365
1752940135292,0.49290,0.50883,0.63562,0.51892,768,365
1752940135322,0.49300,0.50864,0.63579,0.51904,768,365
1752940135347,0.49247,0.50837,0.63477,0.51843,768,365
1752940135371,0.49254,0.50811,0.63492,0.51856,768,365
1752940135398,0.49255,0.50828,0.63488,0.51835,768,365
1752940135424,0.49246,0.50847,0.63495,0.51847,768,365
1752940135449,0.49257,0.50872,0.63504,0.51841,768,365
1752940135473,0.49249,0.50845,0.63515,0.51878,768,365
1752940135496,0.49249,0.50853,0.63523,0.51875,768,365
1752940135520,0.49240,0.50831,0.63521,0.51878,768,365
1752940135545,0.49251,0.50837,0.63601,0.51840,768,365
1752940135569,0.49239,0.50836,0.63617,0.51841,768,365
1752940135596,0.49241,0.50853,0.63600,0.51832,768,365
1752940135623,0.49253,0.50864,0.63621,0.51843,768,365
1752940135647,0.49330,0.50836,0.63619,0.51884,768,365
1752940135671,0.49333,0.50857,0.63647,0.51952,768,365
1752940135695,0.49343,0.50884,0.63628,0.51921,768,365
1752940135722,0.49335,0.50878,0.63629,0.51933,768,365
1752940135746,0.49374,0.50942,0.63701,0.51926,768,365
1752940135770,0.49379,0.50879,0.63701,0.51943,768,365
1752940135797,0.49382,0.50909,0.63684,0.51923,768,365
1752940135822,0.49371,0.50886,0.63696,0.51926,768,365
1752940135846,0.49398,0.50837,0.63719,0.51974,768,365
1752940135871,0.49379,0.50849,0.63712,0.51969,768,365
1752940135897,0.49394,0.50842,0.63707,0.51985,768,365
1752940135923,0.49386,0.50840,0.63698,0.51966,768,365
1752940135948,0.49410,0.50861,0.63727,0.51956,768,365
1752940135973,0.49417,0.50924,0.63729,0.51963,768,365
1752940135998,0.49423,0.50920,0.63747,0.51959,768,365
1752940137046,0.48379,0.51210,0.62636,0.52190,1229,365
1752940137072,0.48386,0.51204,0.62659,0.52161,1229,365
1752940137097,0.48377,0.51218,0.62664,0.52152,1229,365
1752940137125,0.48376,0.51226,0.62654,0.52159,1229,365
1752940137151,0.48390,0.51154,0.62621,0.52180,1229,365
1752940137175,0.48370,0.51151,0.62616,0.52182,1229,365
1752940137199,0.48368,0.51164,0.62615,0.52185,1229,365
1752940137224,0.48388,0.51161,0.62611,0.52173,1229,365
1752940137247,0.48406,0.51177,0.62622,0.52133,1229,365
1752940137271,0.48418,0.51196,0.62613,0.52172,1229,365
1752940137295,0.48401,0.51179,0.62631,0.52150,1229,365
1752940137322,0.48414,0.51201,0.62622,0.52153,1229,365
1752940137346,0.48355,0.51183,0.62579,0.52234,1229,365
1752940137371,0.48352,0.51201,0.62567,0.52247,1229,365
1752940137397,0.48341,0.51208,0.62563,0.52237,1229,365
1752940137423,0.48350,0.51217,0.62572,0.52239,1229,365
1752940137448,0.48334,0.51185,0.62548,0.52231,1229,365
1752940137474,0.48310,0.51178,0.62543,0.52190,1229,365
1752940137502,0.48305,0.51172,0.62530,0.52198,1229,365
1752940137528,0.48301,0.51172,0.62548,0.52182,1229,365
1752940137554,0.48311,0.51175,0.62509,0.52199,1229,365
1752940137579,0.48277,0.51193,0.62522,0.52189,1229,365
1752940137605,0.48279,0.51204,0.62524,0.52176,1229,365
1752940137629,0.48275,0.51155,0.62444,0.52115,1229,365
1752940137653,0.48227,0.51127,0.62482,0.52107,1229,365
1752940137676,0.48252,0.51133,0.62474,0.52124,1229,365
1752940137701,0.48228,0.51134,0.62470,0.52113,1229,365
1752940137725,0.48211,0.51229,0.62398,0.52170,1229,365
1752940137749,0.48192,0.51168,0.62415,0.52142,1229,365
1752940137772,0.48193,0.51173,0.62412,0.52147,1229,365
1752940137794,0.48197,0.51170,0.62406,0.52143,1229,365
1752940137816,0.48193,0.51176,0.62409,0.52125,1229,365
1752940137835,0.48195,0.51164,0.62386,0.52137,1229,365
1752940137853,0.48193,0.51161,0.62385,0.52157,1229,365
1752940137872,0.48205,0.51172,0.62372,0.52136,1229,365
1752940137892,0.48201,0.51166,0.62377,0.52148,1229,365
1752940137913,0.48188,0.51174,0.62379,0.52123,1229,365
1752940137933,0.48175,0.51137,0.62347,0.52046,1229,365
1752940137951,0.48120,0.51088,0.62365,0.52067,1229,365
1752940137970,0.48135,0.51113,0.62346,0.52062,1229,365
1752940137990,0.48116,0.51100,0.62337,0.52057,1229,365
1752940138011,0.48126,0.51113,0.62360,0.52046,1229,365
1752940138031,0.48091,0.51173,0.62276,0.52080,1229,365
1752940138051,0.48064,0.51156,0.62319,0.52115,1229,365
1752940138071,0.48075,0.51170,0.62293,0.52113,1229,365
1752940138092,0.48069,0.51164,0.62307,0.52098,1229,365
1752940138115,0.48075,0.51155,0.62296,0.52105,1229,365
1752940138138,0.48136,0.51168,0.62327,0.52068,1229,365
1752940138161,0.48141,0.51129,0.62328,0.52082,1229,365
1752940138184,0.48156,0.51135,0.62329,0.52086,1229,365
1752940138207,0.48146,0.51130,0.62340,0.52066,1229,365
1752940138236,0.48144,0.51122,0.62336,0.52075,1229,365
1752940138260,0.48122,0.51213,0.62343,0.52125,1229,365
1752940138282,0.48117,0.51244,0.62353,0.52136,1229,365
1752940138306,0.48111,0.51226,0.62343,0.52142,1229,365
1752940138330,0.48105,0.51231,0.62351,0.52131,1229,365
1752940138354,0.48048,0.51194,0.62254,0.52060,1229,365
1752940138375,0.48054,0.51176,0.62250,0.52073,1229,365
1752940138397,0.48051,0.51188,0.62267,0.52069,1229,365
1752940138422,0.48046,0.51171,0.62253,0.52045,1229,365
1752940138442,0.48078,0.51151,0.62248,0.52023,1229,365
1752940138468,0.48066,0.51151,0.62269,0.52045,1229,365
1752940138492,0.48087,0.51125,0.62257,0.52018,1229,365
1752940138520,0.48075,0.51135,0.62256,0.52046,1229,365
1752940138545,0.48174,0.51087,0.62466,0.51864,1229,365
1752940138571,0.48195,0.51171,0.62421,0.51977,1229,365
1752940138596,0.48197,0.51151,0.62446,0.51951,1229,365
1752940138620,0.48214,0.51137,0.62454,0.51936,1229,365
1752940138646,0.48215,0.51073,0.62434,0.51937,1229,365
1752940138671,0.48216,0.51090,0.62411,0.51932,1229,365
1752940138697,0.48219,0.51094,0.62415,0.51937,1229,365
1752940138724,0.48223,0.51097,0.62418,0.51932,1229,365
1752940138749,0.48207,0.51034,0.62411,0.51942,1229,365
1752940138774,0.48228,0.51061,0.62408,0.51943,1229,365
1752940138799,0.48209,0.51073,0.62420,0.51957,1229,365
1752940138822,0.48220,0.51058,0.62404,0.51940,1229,365
1752940138846,0.48247,0.51096,0.62441,0.51972,1229,365
1752940138870,0.48247,0.51021,0.62440,0.51963,1229,365
1752940138895,0.48250,0.51057,0.62434,0.51961,1229,365
1752940138921,0.48257,0.51020,0.62452,0.51949,1229,365
1752940138946,0.48224,0.51083,0.62363,0.51991,1229,365
1752940138973,0.48229,0.51078,0.62362,0.52004,1229,365
1752940138999,0.48208,0.51077,0.62360,0.51969,1229,365
1752940139025,0.48230,0.51080,0.62365,0.52006,1229,365
1752940139051,0.48206,0.51061,0.62337,0.52001,1229,365
1752940139076,0.48159,0.51044,0.62321,0.51965,1229,365
1752940139100,0.48129,0.51053,0.62327,0.51944,1229,365
1752940139122,0.48149,0.51043,0.62326,0.51950,1229,365
1752940139144,0.48105,0.51082,0.62262,0.51915,1229,365
1752940139169,0.48110,0.51104,0.62289,0.51908,1229,365
1752940139193,0.48122,0.51108,0.62283,0.51931,1229,365
1752940139217,0.48104,0.51089,0.62285,0.51906,1229,365
1752940139241,0.48067,0.51134,0.62270,0.51959,1229,365
1752940139266,0.48065,0.51113,0.62275,0.51956,1229,365
1752940139292,0.48061,0.51114,0.62285,0.51965,1229,365
1752940139317,0.48058,0.51109,0.62293,0.51960,1229,365
1752940139338,0.48101,0.51067,0.62289,0.51933,1229,365
1752940139358,0.48143,0.51056,0.62295,0.51945,1229,365
1752940139378,0.48141,0.51056,0.62323,0.51970,1229,365
1752940139399,0.48148,0.51087,0.62308,0.51945,1229,365
1752940139421,0.48134,0.51060,0.62318,0.51950,1229,365
1752940139441,0.48127,0.51133,0.62271,0.51979,1229,365
1752940139462,0.48109,0.51131,0.62268,0.51988,1229,365
1752940139490,0.48106,0.51134,0.62258,0.51974,1229,365
1752940139515,0.48103,0.51142,0.62262,0.51999,1229,365
1752940139536,0.48096,0.51056,0.62272,0.51945,1229,365
1752940139558,0.48089,0.51014,0.62268,0.51926,1229,365
1752940139579,0.48087,0.51017,0.62285,0.51905,1229,365
1752940139602,0.48096,0.51033,0.62260,0.51919,1229,365
1752940139624,0.48074,0.51028,0.62276,0.51933,1229,365
1752940139649,0.48035,0.51259,0.62221,0.52105,1229,365
1752940139671,0.48024,0.51252,0.62193,0.52093,1229,365
1752940139694,0.48057,0.51279,0.62191,0.52118,1229,365
1752940139714,0.48013,0.51280,0.62185,0.52107,1229,365
1752940139737,0.48002,0.51142,0.62169,0.52120,1229,365
1752940139759,0.47953,0.51192,0.62144,0.52058,1229,365
1752940139785,0.47970,0.51181,0.62162,0.52064,1229,365
1752940139807,0.47972,0.51170,0.62148,0.52084,1229,365
1752940139838,0.47971,0.51177,0.62155,0.52084,1229,365
1752940139861,0.47980,0.51261,0.62146,0.52125,1229,365
1752940139886,0.47962,0.51277,0.62134,0.52108,1229,365
1752940139911,0.47970,0.51263,0.62147,0.52074,1229,365
1752940139933,0.47988,0.51255,0.62102,0.52080,1229,365
1752940139957,0.47994,0.51284,0.62109,0.52078,1229,365
1752940139982,0.47974,0.51275,0.62101,0.52094,1229,365
1752940140007,0.47965,0.51276,0.62101,0.52088,1229,365
1752940140034,0.47988,0.51260,0.62174,0.52137,1229,365
1752940140059,0.47997,0.51265,0.62174,0.52097,1229,365
1752940141091,0.49633,0.51594,0.63716,0.52439,307,584
1752940141109,0.49641,0.51630,0.63718,0.52443,307,584
1752940141127,0.49618,0.51646,0.63744,0.52462,307,584
1752940141143,0.49598,0.51637,0.63687,0.52478,307,584
1752940141160,0.49617,0.51634,0.63689,0.52475,307,584
1752940141176,0.49611,0.51637,0.63697,0.52472,307,584
1752940141192,0.49607,0.51629,0.63682,0.52470,307,584
1752940141210,0.49602,0.51656,0.63687,0.52483,307,584
1752940141226,0.49590,0.51604,0.63758,0.52443,307,584
1752940141243,0.49591,0.51624,0.63747,0.52460,307,584
1752940141260,0.49588,0.51609,0.63750,0.52452,307,584
1752940141276,0.49588,0.51601,0.63758,0.52451,307,584
1752940141293,0.49592,0.51609,0.63754,0.52476,307,584
1752940141311,0.49588,0.51592,0.63758,0.52459,307,584
1752940141329,0.49670,0.51602,0.63707,0.52478,307,584
1752940141344,0.49653,0.51617,0.63738,0.52500,307,584
1752940141360,0.49656,0.51630,0.63721,0.52494,307,584
1752940141377,0.49642,0.51606,0.63728,0.52479,307,584
1752940141394,0.49649,0.51627,0.63726,0.52492,307,584
1752940141414,0.49640,0.51602,0.63726,0.52499,307,584
1752940141430,0.49662,0.51640,0.63773,0.52490,307,584
1752940141447,0.49701,0.51678,0.63751,0.52469,307,584
1752940141463,0.49683,0.51613,0.63744,0.52501,307,584
1752940141478,0.49710,0.51697,0.63737,0.52497,307,584
1752940141494,0.49673,0.51632,0.63756,0.52504,307,584
1752940141510,0.49701,0.51650,0.63740,0.52506,307,584
1752940141526,0.49704,0.51620,0.63769,0.52429,307,584
1752940141543,0.49703,0.51626,0.63756,0.52448,307,584
1752940141559,0.49710,0.51622,0.63751,0.52454,307,584
1752940141574,0.49716,0.51611,0.63747,0.52459,307,584
1752940141591,0.49707,0.51629,0.63764,0.52461,307,584
1752940141606,0.49711,0.51617,0.63763,0.52450,307,584
1752940141622,0.49730,0.51576,0.63857,0.52455,307,584
1752940141640,0.49752,0.51541,0.63835,0.52482,307,584
1752940141655,0.49740,0.51541,0.63850,0.52460,307,584
1752940141672,0.49739,0.51536,0.63838,0.52460,307,584
1752940141688,0.49738,0.51531,0.63848,0.52456,307,584
1752940141705,0.49732,0.51519,0.63847,0.52469,307,584
1752940141722,0.49741,0.51706,0.63876,0.52472,307,584
1752940141740,0.49755,0.51698,0.63859,0.52485,307,584
1752940141757,0.49761,0.51701,0.63874,0.52472,307,584
1752940141773,0.49752,0.51701,0.63873,0.52473,307,584
1752940141791,0.49749,0.51708,0.63863,0.52472,307,584
1752940141810,0.49754,0.51696,0.63853,0.52483,307,584
1752940141828,0.49745,0.51533,0.63898,0.52516,307,584
1752940141847,0.49745,0.51541,0.63896,0.52510,307,584
1752940141865,0.49771,0.51531,0.63876,0.52497,307,584
1752940141883,0.49748,0.51529,0.63901,0.52488,307,584
1752940141901,0.49749,0.51540,0.63886,0.52508,307,584
1752940141922,0.49772,0.51535,0.63891,0.52501,307,584
1752940141941,0.49800,0.51565,0.63921,0.52532,307,584
1752940141960,0.49877,0.51612,0.63906,0.52535,307,584
1752940141977,0.49802,0.51588,0.63913,0.52547,307,584
1752940141997,0.49826,0.51592,0.63916,0.52550,307,584
1752940142017,0.49807,0.51580,0.63919,0.52540,307,584
1752940142035,0.49779,0.51470,0.63970,0.52506,307,584
1752940142053,0.49793,0.51464,0.63976,0.52480,307,584
1752940142072,0.49818,0.51473,0.63972,0.52469,307,584
1752940142091,0.49795,0.51469,0.63969,0.52466,307,584
1752940142111,0.49791,0.51490,0.63972,0.52481,307,584
1752940142131,0.49894,0.51522,0.64001,0.52453,307,584
1752940142150,0.49877,0.51497,0.63992,0.52467,307,584
1752940142170,0.49876,0.51485,0.64013,0.52480,307,584
1752940142189,0.49880,0.51487,0.64008,0.52464,307,584
1752940142212,0.49866,0.51493,0.64001,0.52471,307,584
1752940142232,0.49886,0.51602,0.63960,0.52576,307,584
1752940142251,0.49888,0.51605,0.63994,0.52605,307,584
1752940142270,0.49894,0.51609,0.63982,0.52615,307,584
1752940142290,0.49876,0.51582,0.63998,0.52614,307,584
1752940142309,0.49893,0.51600,0.63989,0.52623,307,584
1752940142328,0.49919,0.51676,0.64015,0.52627,307,584
1752940142347,0.49907,0.51622,0.64038,0.52655,307,584
1752940142365,0.49902,0.51651,0.64040,0.52646,307,584
1752940142385,0.49914,0.51646,0.64029,0.52646,307,584
1752940142404,0.49902,0.51632,0.64035,0.52658,307,584
1752940142423,0.49932,0.51589,0.64074,0.52632,307,584
1752940142441,0.49936,0.51565,0.64055,0.52625,307,584
1752940142461,0.49933,0.51578,0.64042,0.52627,307,584
1752940142480,0.49943,0.51569,0.64056,0.52617,307,584
1752940142504,0.49947,0.51574,0.64054,0.52615,307,584
1752940142524,0.49980,0.51684,0.64058,0.52675,307,584
1752940142543,0.49965,0.51675,0.64043,0.52649,307,584
1752940142562,0.49971,0.51704,0.64042,0.52664,307,584
1752940142581,0.49971,0.51681,0.64051,0.52642,307,584
1752940142601,0.49975,0.51703,0.64051,0.52656,307,584
1752940142623,0.49994,0.51709,0.64087,0.52670,307,584
1752940142643,0.49980,0.51724,0.64093,0.52673,307,584
1752940142663,0.49969,0.51718,0.64069,0.52680,307,584
1752940142683,0.49973,0.51711,0.64081,0.52673,307,584
1752940142703,0.49953,0.51713,0.64096,0.52678,307,584
1752940142726,0.49976,0.51705,0.64079,0.52691,307,584
1752940142746,0.50010,0.51752,0.64098,0.52737,307,584
1752940142766,0.50003,0.51757,0.64088,0.52734,307,584
1752940142786,0.49988,0.51721,0.64086,0.52761,307,584
1752940142812,0.49988,0.51730,0.64076,0.52738,307,584
1752940142835,0.50019,0.51733,0.64167,0.52746,307,584
1752940142856,0.50013,0.51727,0.64168,0.52781,307,584
1752940142877,0.50016,0.51745,0.64185,0.52793,307,584
1752940142897,0.50033,0.51746,0.64173,0.52799,307,584
1752940142919,0.50018,0.51741,0.64183,0.52789,307,584
1752940142940,0.50045,0.51703,0.64162,0.52700,307,584
1752940142962,0.50050,0.51687,0.64125,0.52687,307,584
1752940142984,0.50052,0.51696,0.64149,0.52682,307,584
1752940143005,0.50039,0.51709,0.64130,0.52687,307,584
1752940143026,0.50007,0.51650,0.64100,0.52652,307,584
1752940143046,0.50006,0.51679,0.64074,0.52662,307,584
1752940143067,0.50017,0.51645,0.64095,0.52670,307,584
1752940143087,0.50002,0.51671,0.64066,0.52671,307,584
1752940143109,0.50012,0.51656,0.64090,0.52681,307,584
1752940143128,0.50067,0.51583,0.64104,0.52652,307,584
1752940143148,0.50071,0.51599,0.64097,0.52664,307,584
1752940143168,0.50072,0.51602,0.64112,0.52668,307,584
1752940143189,0.50068,0.51588,0.64105,0.52661,307,584
1752940143210,0.50060,0.51592,0.64117,0.52660,307,584
1752940143231,0.50068,0.51628,0.64135,0.52632,307,584
1752940143251,0.50073,0.51618,0.64120,0.52634,307,584
1752940143272,0.50085,0.51615,0.64121,0.52630,307,584
1752940143293,0.50093,0.51605,0.64134,0.52655,307,584
1752940143314,0.50090,0.51602,0.64124,0.52634,307,584
1752940143335,0.50054,0.51627,0.64149,0.52664,307,584
1752940143356,0.50041,0.51616,0.64159,0.52654,307,584
1752940143376,0.50052,0.51635,0.64165,0.52656,307,584
1752940143398,0.50044,0.51641,0.64167,0.52655,307,584
1752940143420,0.50169,0.51694,0.64228,0.52673,307,584
1752940143439,0.50141,0.51699,0.64223,0.52724,307,584
1752940143458,0.50149,0.51673,0.64198,0.52761,307,584
1752940143479,0.50147,0.51692,0.64195,0.52749,307,584
1752940143499,0.50139,0.51677,0.64213,0.52767,307,584
1752940143524,0.50140,0.51681,0.64201,0.52763,307,584
1752940143545,0.50164,0.51690,0.64274,0.52776,307,584
1752940143567,0.50183,0.51709,0.64259,0.52778,307,584
1752940143591,0.50187,0.51706,0.64271,0.52775,307,584
1752940143613,0.50172,0.51680,0.64261,0.52764,307,584
1752940143635,0.50205,0.51678,0.64237,0.52751,307,584
1752940143658,0.50190,0.51659,0.64255,0.52782,307,584
1752940143679,0.50226,0.51676,0.64233,0.52781,307,584
1752940143701,0.50193,0.51662,0.64250,0.52802,307,584
1752940143729,0.50243,0.51662,0.64280,0.52752,307,584
1752940143751,0.50239,0.51677,0.64263,0.52711,307,584
1752940143773,0.50224,0.51674,0.64278,0.52710,307,584
1752940143797,0.50234,0.51661,0.64267,0.52679,307,584
1752940143820,0.50209,0.51675,0.64282,0.52672,307,584
1752940143841,0.50218,0.51714,0.64217,0.52665,307,584
1752940143863,0.50190,0.51675,0.64260,0.52727,307,584
1752940143884,0.50213,0.51692,0.64239,0.52750,307,584
1752940143908,0.50210,0.51696,0.64239,0.52747,307,584
1752940143932,0.50182,0.51708,0.64256,0.52740,307,584
1752940143954,0.50197,0.51712,0.64280,0.52768,307,584
1752940143976,0.50185,0.51691,0.64272,0.52771,307,584
1752940143998,0.50187,0.51694,0.64259,0.52773,307,584
1752940144024,0.50202,0.51697,0.64265,0.52768,307,584
1752940144045,0.50235,0.51683,0.64320,0.52786,307,584
1752940144068,0.50232,0.51692,0.64291,0.52784,307,584
1752940144090,0.50223,0.51684,0.64300,0.52801,307,584
1752940145114,0.49512,0.51889,0.63736,0.53120,768,584
1752940145133,0.49564,0.51830,0.63765,0.53028,768,584
1752940145153,0.49584,0.51802,0.63759,0.53063,768,584
1752940145173,0.49579,0.51823,0.63761,0.53044,768,584
1752940145193,0.49587,0.51818,0.63755,0.53062,768,584
1752940145213,0.49586,0.51826,0.63768,0.53041,768,584
1752940145234,0.49516,0.51894,0.63669,0.53137,768,584
1752940145255,0.49540,0.51899,0.63690,0.53142,768,584
1752940145276,0.49524,0.51900,0.63677,0.53143,768,584
1752940145299,0.49536,0.51897,0.63681,0.53114,768,584
1752940145321,0.49527,0.51892,0.63678,0.53127,768,584
1752940145344,0.49523,0.51909,0.63656,0.53167,768,584
1752940145367,0.49516,0.51896,0.63667,0.53114,768,584
1752940145390,0.49521,0.51892,0.63648,0.53115,768,584
1752940145413,0.49523,0.51891,0.63655,0.53132,768,584
1752940145436,0.49533,0.51912,0.63672,0.53177,768,584
1752940145460,0.49533,0.51921,0.63694,0.53174,768,584
1752940145486,0.49549,0.51932,0.63681,0.53166,768,584
1752940145511,0.49523,0.51930,0.63690,0.53167,768,584
1752940145536,0.49536,0.51909,0.63693,0.53139,768,584
1752940145559,0.49518,0.51934,0.63706,0.53120,768,584
1752940145584,0.49517,0.51933,0.63684,0.53152,768,584
1752940145614,0.49523,0.51930,0.63692,0.53132,768,584
1752940145640,0.49544,0.52025,0.63686,0.53178,768,584
1752940145665,0.49522,0.52022,0.63693,0.53153,768,584
1752940145692,0.49511,0.52022,0.63698,0.53168,768,584
1752940145719,0.49514,0.52034,0.63688,0.53159,768,584
1752940145745,0.49537,0.51943,0.63706,0.53135,768,584
1752940145774,0.49537,0.51939,0.63692,0.53137,768,584
1752940145800,0.49533,0.51933,0.63704,0.53132,768,584
1752940145826,0.49507,0.52037,0.63661,0.53235,768,584
1752940145850,0.49509,0.52043,0.63648,0.53230,768,584
1752940145871,0.49507,0.52036,0.63646,0.53236,768,584
1752940145897,0.49501,0.52033,0.63647,0.53227,768,584
1752940145920,0.49532,0.51996,0.63673,0.53190,768,584
1752940145945,0.49513,0.51997,0.63700,0.53173,768,584
1752940145968,0.49524,0.51988,0.63682,0.53179,768,584
1752940145992,0.49524,0.51992,0.63690,0.53184,768,584
1752940146018,0.49528,0.51995,0.63684,0.53192,768,584
1752940146038,0.49562,0.51996,0.63706,0.53210,768,584
1752940146062,0.49557,0.52040,0.63720,0.53211,768,584
1752940146087,0.49536,0.52050,0.63703,0.53222,768,584
1752940146115,0.49551,0.52038,0.63706,0.53192,768,584
1752940146142,0.49610,0.52090,0.63755,0.53236,768,584
1752940146168,0.49657,0.52084,0.63773,0.53279,768,584
1752940146196,0.49626,0.52035,0.63776,0.53259,768,584
1752940146225,0.49633,0.52042,0.63761,0.53282,768,584
1752940146251,0.49599,0.52027,0.63713,0.53289,768,584
1752940146277,0.49576,0.52040,0.63730,0.53247,768,584
1752940146301,0.49578,0.52023,0.63729,0.53272,768,584
1752940146330,0.49596,0.52069,0.63756,0.53271,768,584
1752940146357,0.49588,0.52050,0.63736,0.53299,768,584
1752940146383,0.49596,0.52071,0.63753,0.53296,768,584
1752940146414,0.49598,0.52059,0.63749,0.53308,768,584
1752940146442,0.49573,0.52190,0.63750,0.53321,768,584
1752940146468,0.49593,0.52171,0.63767,0.53309,768,584
1752940146496,0.49591,0.52195,0.63771,0.53309,768,584
1752940146523,0.49591,0.52171,0.63757,0.53332,768,584
1752940146550,0.49573,0.52208,0.63701,0.53468,768,584
1752940146577,0.49527,0.52172,0.63696,0.53368,768,584
1752940146603,0.49535,0.52173,0.63689,0.53392,768,584
1752940146627,0.49509,0.52159,0.63709,0.53350,768,584
1752940146655,0.49520,0.52168,0.63682,0.53381,768,584
1752940146681,0.49513,0.52151,0.63703,0.53379,768,584
1752940146705,0.49528,0.52164,0.63707,0.53384,768,584
1752940146731,0.49538,0.52167,0.63714,0.53333,768,584
1752940146756,0.49560,0.52160,0.63700,0.53333,768,584
1752940146781,0.49535,0.52160,0.63703,0.53335,768,584
1752940146806,0.49536,0.52182,0.63708,0.53343,768,584
1752940146831,0.49556,0.52154,0.63715,0.53345,768,584
1752940146857,0.49559,0.52162,0.63711,0.53356,768,584
1752940146885,0.49555,0.52154,0.63712,0.53363,768,584
1752940146911,0.49546,0.52142,0.63726,0.53352,768,584
1752940146937,0.49569,0.52168,0.63759,0.53361,768,584
1752940146962,0.49596,0.52150,0.63753,0.53392,768,584
1752940146987,0.49573,0.52139,0.63773,0.53360,768,584
1752940147012,0.49579,0.52136,0.63762,0.53380,768,584
1752940147037,0.49559,0.52099,0.63806,0.53341,768,584
1752940147063,0.49571,0.52106,0.63803,0.53368,768,584
1752940147090,0.49564,0.52093,0.63803,0.53363,768,584
1752940147116,0.49559,0.52098,0.63803,0.53368,768,584
1752940147142,0.49587,0.52239,0.63767,0.53456,768,584
1752940147167,0.49569,0.52239,0.63766,0.53461,768,584
1752940147193,0.49590,0.52237,0.63771,0.53457,768,584
1752940147222,0.49582,0.52249,0.63775,0.53470,768,584
1752940147247,0.49581,0.52207,0.63761,0.53396,768,584
1752940147277,0.49567,0.52179,0.63771,0.53367,768,584
1752940147305,0.49565,0.52191,0.63759,0.53389,768,584
1752940147332,0.49537,0.52178,0.63747,0.53360,768,584
1752940147359,0.49519,0.52183,0.63744,0.53359,768,584
1752940147389,0.49527,0.52177,0.63758,0.53354,768,584
1752940147415,0.49529,0.52178,0.63740,0.53346,768,584
1752940147442,0.49539,0.52175,0.63759,0.53392,768,584
1752940147470,0.49544,0.52167,0.63766,0.53408,768,584
1752940147498,0.49546,0.52180,0.63752,0.53402,768,584
1752940147525,0.49546,0.52168,0.63800,0.53443,768,584
1752940147552,0.49532,0.52161,0.63801,0.53422,768,584
1752940147582,0.49545,0.52182,0.63791,0.53446,768,584
1752940147613,0.49546,0.52156,0.63792,0.53426,768,584
1752940147639,0.49539,0.52226,0.63817,0.53451,768,584
1752940147665,0.49574,0.52211,0.63817,0.53447,768,584
1752940147691,0.49575,0.52212,0.63813,0.53455,768,584
1752940147717,0.49569,0.52201,0.63812,0.53468,768,584
1752940147741,0.49619,0.52224,0.63789,0.53444,768,584
1752940147766,0.49629,0.52210,0.63801,0.53437,768,584
1752940147790,0.49624,0.52224,0.63803,0.53445,768,584
1752940147815,0.49633,0.52229,0.63788,0.53440,768,584
1752940147839,0.49580,0.52235,0.63812,0.53453,768,584
1752940147864,0.49551,0.52235,0.63818,0.53462,768,584
1752940147889,0.49563,0.52237,0.63821,0.53480,768,584
1752940147914,0.49557,0.52227,0.63811,0.53470,768,584
1752940147937,0.49591,0.52249,0.63768,0.53463,768,584
1752940147961,0.49596,0.52256,0.63772,0.53462,768,584
1752940147984,0.49605,0.52246,0.63779,0.53436,768,584
1752940148012,0.49613,0.52263,0.63788,0.53453,768,584
1752940148035,0.49552,0.52171,0.63790,0.53437,768,584
1752940148058,0.49540,0.52153,0.63794,0.53437,768,584
1752940148081,0.49553,0.52157,0.63785,0.53447,768,584
1752940148104,0.49557,0.52153,0.63792,0.53443,768,584
1752940149130,0.48839,0.52420,0.62983,0.53478,1229,584
1752940149151,0.48861,0.52426,0.62977,0.53488,1229,584
1752940149174,0.48856,0.52409,0.62981,0.53489,1229,584
1752940149195,0.48856,0.52424,0.62968,0.53502,1229,584
1752940149216,0.48853,0.52422,0.62978,0.53485,1229,584
1752940149238,0.48865,0.52384,0.63066,0.53477,1229,584
1752940149259,0.48862,0.52373,0.63059,0.53471,1229,584
1752940149279,0.48862,0.52359,0.63063,0.53475,1229,584
1752940149303,0.48869,0.52366,0.63062,0.53488,1229,584
1752940149323,0.48867,0.52397,0.63000,0.53508,1229,584
1752940149344,0.48866,0.52401,0.63014,0.53581,1229,584
1752940149365,0.48834,0.52400,0.63012,0.53559,1229,584
1752940149387,0.48850,0.52407,0.63020,0.53582,1229,584
1752940149410,0.48844,0.52420,0.63012,0.53547,1229,584
1752940149431,0.48868,0.52396,0.63005,0.53528,1229,584
1752940149451,0.48856,0.52401,0.63010,0.53523,1229,584
1752940149471,0.48846,0.52416,0.62994,0.53538,1229,584
1752940149491,0.48844,0.52406,0.63007,0.53512,1229,584
1752940149511,0.48840,0.52406,0.63007,0.53530,1229,584
1752940149531,0.48836,0.52469,0.63000,0.53551,1229,584
1752940149551,0.48820,0.52464,0.63005,0.53531,1229,584
1752940149570,0.48824,0.52454,0.63000,0.53544,1229,584
1752940149590,0.48829,0.52477,0.63013,0.53544,1229,584
1752940149610,0.48840,0.52477,0.62994,0.53559,1229,584
1752940149630,0.48795,0.52455,0.62863,0.53650,1229,584
1752940149651,0.48759,0.52468,0.62883,0.53612,1229,584
1752940149670,0.48760,0.52450,0.62867,0.53623,1229,584
1752940149690,0.48775,0.52457,0.62875,0.53624,1229,584
1752940149710,0.48769,0.52472,0.62874,0.53615,1229,584
1752940149727,0.48765,0.52501,0.62879,0.53644,1229,584
1752940149747,0.48759,0.52518,0.62878,0.53645,1229,584
1752940149766,0.48753,0.52521,0.62866,0.53630,1229,584
1752940149785,0.48755,0.52509,0.62869,0.53643,1229,584
1752940149804,0.48750,0.52498,0.62870,0.53639,1229,584
1752940149823,0.48768,0.52489,0.62909,0.53608,1229,584
1752940149841,0.48775,0.52495,0.62924,0.53614,1229,584
1752940149859,0.48793,0.52494,0.62927,0.53605,1229,584
1752940149878,0.48771,0.52499,0.62928,0.53611,1229,584
1752940149898,0.48789,0.52506,0.62934,0.53594,1229,584
1752940149916,0.48758,0.52564,0.62910,0.53724,1229,584
1752940149935,0.48743,0.52589,0.62926,0.53686,1229,584
1752940149953,0.48725,0.52597,0.62914,0.53695,1229,584
1752940149970,0.48728,0.52598,0.62915,0.53695,1229,584
1752940149988,0.48732,0.52598,0.62917,0.53695,1229,584
1752940150006,0.48732,0.52574,0.62914,0.53695,1229,584
1752940150023,0.48744,0.52639,0.62764,0.53843,1229,584
1752940150040,0.48749,0.52650,0.62791,0.53869,1229,584
1752940150057,0.48731,0.52651,0.62809,0.53883,1229,584
1752940150074,0.48743,0.52665,0.62809,0.53880,1229,584
1752940150092,0.48738,0.52656,0.62795,0.53869,1229,584
1752940150113,0.48747,0.52648,0.62793,0.53877,1229,584
1752940150130,0.48674,0.52775,0.62673,0.53985,1229,584
1752940150149,0.48612,0.52822,0.62688,0.53942,1229,584
1752940150167,0.48621,0.52828,0.62687,0.53931,1229,584
1752940150184,0.48632,0.52832,0.62692,0.53974,1229,584
1752940150202,0.48627,0.52833,0.62685,0.53944,1229,584
1752940150220,0.48589,0.53038,0.62551,0.54102,1229,584
1752940150239,0.48553,0.53084,0.62562,0.54104,1229,584
1752940150258,0.48530,0.53078,0.62541,0.54121,1229,584
1752940150276,0.48557,0.53075,0.62549,0.54141,1229,584
1752940150293,0.48552,0.53072,0.62547,0.54144,1229,584
1752940150312,0.48407,0.53045,0.62356,0.54044,1229,584
1752940150330,0.48374,0.53075,0.62348,0.54075,1229,584
1752940150348,0.48362,0.53075,0.62330,0.54091,1229,584
1752940150365,0.48363,0.53084,0.62323,0.54083,1229,584
1752940150383,0.48375,0.53089,0.62343,0.54088,1229,584
1752940150402,0.48365,0.53096,0.62342,0.54090,1229,584
1752940150423,0.48368,0.53091,0.62333,0.54090,1229,584
1752940150440,0.47959,0.53143,0.62059,0.54175,1229,584
1752940150458,0.48015,0.53269,0.62022,0.54244,1229,584
1752940150475,0.47997,0.53278,0.62013,0.54228,1229,584
1752940150494,0.47982,0.53289,0.62016,0.54223,1229,584
1752940150514,0.47980,0.53294,0.62018,0.54252,1229,584
1752940150532,0.47021,0.53893,0.61082,0.54845,1229,584
1752940150551,0.47077,0.53887,0.61075,0.54850,1229,584
1752940150569,0.47073,0.53931,0.61041,0.54894,1229,584
1752940150587,0.47087,0.53929,0.61054,0.54945,1229,584
1752940150606,0.47069,0.53902,0.61052,0.54920,1229,584
1752940150624,0.46086,0.54582,0.59976,0.55524,1229,584
1752940150643,0.46050,0.54542,0.60019,0.55427,1229,584
1752940150662,0.46076,0.54608,0.59976,0.55530,1229,584
1752940150680,0.46092,0.54598,0.59979,0.55550,1229,584
1752940150701,0.46088,0.54578,0.59982,0.55559,1229,584
1752940150718,0.45331,0.54921,0.59396,0.55711,1229,584
1752940150735,0.45439,0.54846,0.59356,0.55778,1229,584
1752940150753,0.45433,0.54838,0.59362,0.55774,1229,584
1752940150772,0.45429,0.54839,0.59359,0.55799,1229,584
1752940150789,0.45441,0.54825,0.59341,0.55807,1229,584
1752940150807,0.45439,0.54824,0.59345,0.55800,1229,584
1752940150825,0.44611,0.55501,0.58535,0.56273,1229,584
1752940150843,0.44546,0.55407,0.58527,0.56148,1229,584
1752940150861,0.44636,0.55527,0.58439,0.56271,1229,584
1752940150879,0.44625,0.55509,0.58445,0.56297,1229,584
1752940150897,0.44639,0.55514,0.58454,0.56295,1229,584
1752940150918,0.44625,0.55514,0.58451,0.56279,1229,584
1752940150935,0.44170,0.55678,0.58117,0.56260,1229,584
1752940150953,0.44215,0.55719,0.58030,0.56363,1229,584
1752940150971,0.44254,0.55722,0.58021,0.56404,1229,584
1752940150990,0.44233,0.55731,0.58015,0.56414,1229,584
1752940151010,0.44234,0.55729,0.58025,0.56396,1229,584
1752940151028,0.43850,0.55445,0.57810,0.56042,1229,584
1752940151046,0.43961,0.55562,0.57742,0.56156,1229,584
1752940151063,0.43957,0.55564,0.57688,0.56173,1229,584
1752940151081,0.43948,0.55563,0.57695,0.56156,1229,584
1752940151100,0.43964,0.55562,0.57694,0.56177,1229,584
1752940151119,0.43929,0.55851,0.57679,0.56397,1229,584
1752940151136,0.43922,0.55854,0.57671,0.56473,1229,584
1752940151154,0.43923,0.55858,0.57665,0.56496,1229,584
1752940151172,0.43937,0.55866,0.57662,0.56473,1229,584
1752940151190,0.43926,0.55876,0.57651,0.56484,1229,584
1752940151211,0.43922,0.55872,0.57660,0.56480,1229,584
1752940151229,0.44096,0.55835,0.57774,0.56410,1229,584
1752940151246,0.44083,0.55836,0.57784,0.56384,1229,584
1752940151264,0.44047,0.55855,0.57812,0.56431,1229,584
1752940151282,0.44057,0.55862,0.57790,0.56413,1229,584
1752940151299,0.44053,0.55859,0.57800,0.56411,1229,584
1752940151318,0.44049,0.55856,0.57791,0.56408,1229,584
1752940151336,0.44215,0.55503,0.57985,0.56079,1229,584
1752940151353,0.44226,0.55534,0.58023,0.56131,1229,584
1752940151370,0.44224,0.55559,0.58023,0.56143,1229,584
1752940151388,0.44221,0.55544,0.58038,0.56128,1229,584
1752940151408,0.44220,0.55567,0.58033,0.56128,1229,584
1752940151427,0.44449,0.55590,0.58331,0.56084,1229,584
1752940151445,0.44477,0.55559,0.58277,0.56252,1229,584
1752940151462,0.44510,0.55559,0.58296,0.56215,1229,584
1752940151480,0.44505,0.55558,0.58292,0.56221,1229,584
1752940151498,0.44514,0.55564,0.58279,0.56244,1229,584
1752940151516,0.44533,0.55651,0.58291,0.56337,1229,584
1752940151534,0.44520,0.55637,0.58294,0.56343,1229,584
1752940151552,0.44521,0.55656,0.58273,0.56338,1229,584
1752940151570,0.44511,0.55635,0.58271,0.56341,1229,584
1752940151588,0.44512,0.55655,0.58267,0.56336,1229,584
1752940151607,0.44637,0.55586,0.58405,0.56221,1229,584
1752940151625,0.44634,0.55550,0.58402,0.56173,1229,584
1752940151643,0.44630,0.55550,0.58384,0.56182,1229,584
1752940151662,0.44631,0.55523,0.58400,0.56155,1229,584
1752940151680,0.44631,0.55538,0.58397,0.56180,1229,584
1752940151698,0.44631,0.55551,0.58410,0.56160,1229,584
1752940151719,0.44625,0.55536,0.58389,0.56185,1229,584
1752940151740,0.44641,0.55605,0.58371,0.56199,1229,584
1752940151758,0.44630,0.55584,0.58373,0.56212,1229,584
1752940151776,0.44643,0.55635,0.58362,0.56215,1229,584
1752940151794,0.44642,0.55641,0.58358,0.56211,1229,584
1752940151813,0.44640,0.55650,0.58359,0.56237,1229,584
1752940151831,0.44574,0.55561,0.58342,0.56196,1229,584
1752940151850,0.44594,0.55553,0.58348,0.56211,1229,584
1752940151869,0.44581,0.55556,0.58343,0.56214,1229,584
1752940151887,0.44581,0.55558,0.58350,0.56193,1229,584
1752940151905,0.44565,0.55557,0.58356,0.56210,1229,584
1752940151924,0.44616,0.55477,0.58378,0.56142,1229,584
1752940151942,0.44591,0.55415,0.58374,0.56095,1229,584
1752940151960,0.44600,0.55416,0.58368,0.56095,1229,584
1752940151978,0.44598,0.55398,0.58357,0.56100,1229,584
1752940152001,0.44586,0.55386,0.58357,0.56089,1229,584
1752940152021,0.44618,0.55507,0.58376,0.56203,1229,584
1752940152038,0.44571,0.55500,0.58376,0.56173,1229,584
1752940152057,0.44573,0.55486,0.58384,0.56170,1229,584
1752940152083,0.44583,0.55512,0.58386,0.56165,1229,584
1752940152104,0.44575,0.55512,0.58385,0.56166,1229,584
1752940152122,0.44734,0.55436,0.58481,0.56071,1229,584